荤侩老磊,开疙,铰窍瞒牢盔
20220101,全措涝备,77280
20220102,全措涝备,79273
20220103,全措涝备,94360
20220104,全措涝备,99248
20220105,全措涝备,101373
20220106,全措涝备,106384
20220107,全措涝备,116935
20220108,全措涝备,121466
20220109,全措涝备,90903
20220110,全措涝备,100594
20220111,全措涝备,102803
20220112,全措涝备,103427
20220113,全措涝备,107345
20220114,全措涝备,117347
20220115,全措涝备,129565
20220116,全措涝备,97806
20220117,全措涝备,101598
20220118,全措涝备,103167
20220119,全措涝备,105032
20220120,全措涝备,108202
20220121,全措涝备,114929
20220122,全措涝备,129689
20220123,全措涝备,95294
20220124,全措涝备,100549
20220125,全措涝备,102726
20220126,全措涝备,106724
20220127,全措涝备,104678
20220128,全措涝备,108997
20220129,全措涝备,94735
20220130,全措涝备,69862
20220131,全措涝备,49466
20220201,全措涝备,38018
20220202,全措涝备,66611
20220203,全措涝备,94233
20220204,全措涝备,103963
20220205,全措涝备,107451
20220206,全措涝备,78741
20220207,全措涝备,92048
20220208,全措涝备,93225
20220209,全措涝备,95896
20220210,全措涝备,98188
20220211,全措涝备,105775
20220212,全措涝备,112001
20220213,全措涝备,84778
20220214,全措涝备,95344
20220215,全措涝备,95152
20220216,全措涝备,94425
20220217,全措涝备,97540
20220218,全措涝备,105065
20220219,全措涝备,114551
20220220,全措涝备,83845
20220221,全措涝备,93406
20220222,全措涝备,94610
20220223,全措涝备,94981
20220224,全措涝备,97153
20220225,全措涝备,106895
20220226,全措涝备,103870
20220227,全措涝备,86573
20220228,全措涝备,99829
20220301,全措涝备,84460
20220302,全措涝备,91392
20220303,全措涝备,92591
20220304,全措涝备,101600
20220305,全措涝备,110704
20220306,全措涝备,78822
20220307,全措涝备,89505
20220308,全措涝备,100705
20220309,全措涝备,88841
20220310,全措涝备,89686
20220311,全措涝备,105591
20220312,全措涝备,115483
20220313,全措涝备,72151
20220314,全措涝备,83200
20220315,全措涝备,90340
20220316,全措涝备,90614
20220317,全措涝备,91530
20220318,全措涝备,106873
20220319,全措涝备,107206
20220320,全措涝备,88300
20220321,全措涝备,87472
20220322,全措涝备,91714
20220323,全措涝备,92448
20220324,全措涝备,93410
20220325,全措涝备,111719
20220326,全措涝备,117896
20220327,全措涝备,93164
20220328,全措涝备,89623
20220329,全措涝备,92682
20220330,全措涝备,92233
20220331,全措涝备,98236
20220401,全措涝备,117052
20220402,全措涝备,130697
20220403,全措涝备,92417
20220404,全措涝备,92794
20220405,全措涝备,95042
20220406,全措涝备,99270
20220407,全措涝备,101614
20220408,全措涝备,118876
20220409,全措涝备,129213
20220410,全措涝备,94531
20220411,全措涝备,95602
20220412,全措涝备,98118
20220413,全措涝备,97911
20220414,全措涝备,102986
20220415,全措涝备,118906
20220416,全措涝备,130133
20220417,全措涝备,90666
20220418,全措涝备,96873
20220419,全措涝备,99215
20220420,全措涝备,101415
20220421,全措涝备,105303
20220422,全措涝备,118822
20220423,全措涝备,132770
20220424,全措涝备,90693
20220425,全措涝备,97949
20220426,全措涝备,107232
20220427,全措涝备,112872
20220428,全措涝备,118827
20220429,全措涝备,139173
20220430,全措涝备,163887
20220501,全措涝备,113799
20220502,全措涝备,110137
20220503,全措涝备,117913
20220504,全措涝备,137312
20220505,全措涝备,152416
20220506,全措涝备,158850
20220507,全措涝备,143924
20220508,全措涝备,91754
20220509,全措涝备,111222
20220510,全措涝备,115878
20220511,全措涝备,119168
20220512,全措涝备,120199
20220513,全措涝备,139762
20220514,全措涝备,169154
20220515,全措涝备,121630
20220516,全措涝备,113742
20220517,全措涝备,114700
20220518,全措涝备,115534
20220519,全措涝备,119439
20220520,全措涝备,139094
20220521,全措涝备,159850
20220522,全措涝备,111530
20220523,全措涝备,110328
20220524,全措涝备,113334
20220525,全措涝备,116671
20220526,全措涝备,119893
20220527,全措涝备,134295
20220528,全措涝备,152205
20220529,全措涝备,107333
20220530,全措涝备,107437
20220531,全措涝备,122957
20220601,全措涝备,116223
20220602,全措涝备,118207
20220603,全措涝备,128676
20220604,全措涝备,141986
20220605,全措涝备,114985
20220606,全措涝备,98690
20220607,全措涝备,109225
20220608,全措涝备,112850
20220609,全措涝备,113673
20220610,全措涝备,130931
20220611,全措涝备,143735
20220612,全措涝备,100838
20220613,全措涝备,106865
20220614,全措涝备,112830
20220615,全措涝备,111681
20220616,全措涝备,119378
20220617,全措涝备,135367
20220618,全措涝备,147980
20220619,全措涝备,104770
20220620,全措涝备,114036
20220621,全措涝备,122458
20220622,全措涝备,126705
20220623,全措涝备,113466
20220624,全措涝备,140513
20220625,全措涝备,153148
20220626,全措涝备,102735
20220627,全措涝备,110966
20220628,全措涝备,113597
20220629,全措涝备,115839
20220630,全措涝备,112222
20220701,全措涝备,142584
20220702,全措涝备,154138
20220703,全措涝备,107175
20220704,全措涝备,117282
20220705,全措涝备,125962
20220706,全措涝备,124115
20220707,全措涝备,119492
20220708,全措涝备,137272
20220709,全措涝备,157083
20220710,全措涝备,115778
20220711,全措涝备,114223
20220712,全措涝备,121892
20220713,全措涝备,111093
20220714,全措涝备,128452
20220715,全措涝备,142642
20220716,全措涝备,153334
20220717,全措涝备,115276
20220718,全措涝备,116238
20220719,全措涝备,121416
20220720,全措涝备,125792
20220721,全措涝备,123323
20220722,全措涝备,138265
20220723,全措涝备,144604
20220724,全措涝备,106621
20220725,全措涝备,119821
20220726,全措涝备,119429
20220727,全措涝备,123409
20220728,全措涝备,127361
20220729,全措涝备,140353
20220730,全措涝备,140433
20220731,全措涝备,99452
20220801,全措涝备,120375
20220802,全措涝备,116472
20220803,全措涝备,119320
20220804,全措涝备,125673
20220805,全措涝备,134841
20220806,全措涝备,136804
20220807,全措涝备,103549
20220808,全措涝备,104610
20220809,全措涝备,89831
20220810,全措涝备,117496
20220811,全措涝备,118562
20220812,全措涝备,142588
20220813,全措涝备,128479
20220814,全措涝备,114359
20220815,全措涝备,96684
20220816,全措涝备,119580
20220817,全措涝备,122576
20220818,全措涝备,124707
20220819,全措涝备,127231
20220820,全措涝备,147113
20220821,全措涝备,108388
20220822,全措涝备,115265
20220823,全措涝备,117054
20220824,全措涝备,119792
20220825,全措涝备,122248
20220826,全措涝备,137540
20220827,全措涝备,154686
20220828,全措涝备,115084
20220829,全措涝备,113782
20220830,全措涝备,108908
20220831,全措涝备,121689
20220901,全措涝备,128947
20220902,全措涝备,143135
20220903,全措涝备,161079
20220904,全措涝备,96056
20220905,全措涝备,96021
20220906,全措涝备,110892
20220907,全措涝备,127638
20220908,全措涝备,136994
20220909,全措涝备,94336
20220910,全措涝备,72145
20220911,全措涝备,100869
20220912,全措涝备,106822
20220913,全措涝备,116561
20220914,全措涝备,119676
20220915,全措涝备,125646
20220916,全措涝备,145053
20220917,全措涝备,161548
20220918,全措涝备,117156
20220919,全措涝备,117954
20220920,全措涝备,122499
20220921,全措涝备,124855
20220922,全措涝备,127239
20220923,全措涝备,146285
20220924,全措涝备,162012
20220925,全措涝备,115922
20220926,全措涝备,115220
20220927,全措涝备,120069
20220928,全措涝备,122858
20220929,全措涝备,124044
20220930,全措涝备,142055
20221001,全措涝备,155672
20221002,全措涝备,124117
20221003,全措涝备,91785
20221004,全措涝备,117775
20221005,全措涝备,123951
20221006,全措涝备,126773
20221007,全措涝备,151972
20221008,全措涝备,174448
20221009,全措涝备,126227
20221010,全措涝备,111171
20221011,全措涝备,124595
20221012,全措涝备,125774
20221013,全措涝备,130778
20221014,全措涝备,145715
20221015,全措涝备,155643
20221016,全措涝备,113938
20221017,全措涝备,122108
20221018,全措涝备,125408
20221019,全措涝备,127144
20221020,全措涝备,131319
20221021,全措涝备,150690
20221022,全措涝备,166423
20221023,全措涝备,119665
20221024,全措涝备,119120
20221025,全措涝备,125291
20221026,全措涝备,129275
20221027,全措涝备,134281
20221028,全措涝备,159551
20221029,全措涝备,186847
20221030,全措涝备,120329
20221031,全措涝备,119374
20221101,全措涝备,121645
20221102,全措涝备,123452
20221103,全措涝备,128703
20221104,全措涝备,145234
20221105,全措涝备,160736
20221106,全措涝备,114098
20221107,全措涝备,114225
20221108,全措涝备,119871
20221109,全措涝备,123015
20221110,全措涝备,127685
20221111,全措涝备,150445
20221112,全措涝备,153952
20221113,全措涝备,116054
20221114,全措涝备,117613
20221115,全措涝备,119503
20221116,全措涝备,126545
20221117,全措涝备,133483
20221118,全措涝备,152209
20221119,全措涝备,168389
20221120,全措涝备,123031
20221121,全措涝备,120687
20221122,全措涝备,124093
20221123,全措涝备,127644
20221124,全措涝备,129604
20221125,全措涝备,148914
20221126,全措涝备,166937
20221127,全措涝备,118817
20221128,全措涝备,111353
20221129,全措涝备,120486
20221130,全措涝备,118187
20221201,全措涝备,121749
20221202,全措涝备,139778
20221203,全措涝备,156641
20221204,全措涝备,112055
20221205,全措涝备,117021
20221206,全措涝备,117298
20221207,全措涝备,123825
20221208,全措涝备,127818
20221209,全措涝备,148521
20221210,全措涝备,166218
20221211,全措涝备,118843
20221212,全措涝备,117219
20221213,全措涝备,125500
20221214,全措涝备,124581
20221215,全措涝备,130862
20221216,全措涝备,154048
20221217,全措涝备,175555
20221218,全措涝备,118526
20221219,全措涝备,125307
20221220,全措涝备,138390
20221221,全措涝备,141240
20221222,全措涝备,148396
20221223,全措涝备,157065
20221224,全措涝备,172318
20221225,全措涝备,159476
20221226,全措涝备,134699
20221227,全措涝备,141830
20221228,全措涝备,145854
20221229,全措涝备,149950
20221230,全措涝备,165487
20221231,全措涝备,149921
20230101,全措涝备,102817
20230102,全措涝备,120206
20230103,全措涝备,124451
20230104,全措涝备,128633
20230105,全措涝备,131986
20230106,全措涝备,151228
20230107,全措涝备,161514
20230108,全措涝备,118026
20230109,全措涝备,123473
20230110,全措涝备,127753
20230111,全措涝备,131422
20230112,全措涝备,133917
20230113,全措涝备,141064
20230114,全措涝备,159728
20230115,全措涝备,120977
20230116,全措涝备,125430
20230117,全措涝备,125820
20230118,全措涝备,129453
20230119,全措涝备,126806
20230120,全措涝备,133317
20230121,全措涝备,84437
20230122,全措涝备,57762
20230123,全措涝备,95874
20230124,全措涝备,78241
20230125,全措涝备,110711
20230126,全措涝备,129335
20230127,全措涝备,143158
20230128,全措涝备,162210
20230129,全措涝备,123610
20230130,全措涝备,125894
20230131,全措涝备,128120
20230201,全措涝备,130275
20230202,全措涝备,129666
20230203,全措涝备,146974
20230204,全措涝备,169647
20230205,全措涝备,128967
20230206,全措涝备,123642
20230207,全措涝备,128575
20230208,全措涝备,131634
20230209,全措涝备,133783
20230210,全措涝备,151337
20230211,全措涝备,173567
20230212,全措涝备,128117
20230213,全措涝备,127884
20230214,全措涝备,137595
20230215,全措涝备,135098
20230216,全措涝备,136845
20230217,全措涝备,153728
20230218,全措涝备,169001
20230219,全措涝备,127931
20230220,全措涝备,128113
20230221,全措涝备,133069
20230222,全措涝备,139408
20230223,全措涝备,140832
20230224,全措涝备,158617
20230225,全措涝备,175891
20230226,全措涝备,128319
20230227,全措涝备,131624
20230228,全措涝备,147434
20230301,全措涝备,127573
20230302,全措涝备,131027
20230303,全措涝备,146446
20230304,全措涝备,165706
20230305,全措涝备,119173
20230306,全措涝备,126589
20230307,全措涝备,132225
20230308,全措涝备,134558
20230309,全措涝备,137435
20230310,全措涝备,158538
20230311,全措涝备,178863
20230312,全措涝备,113766
20230313,全措涝备,129520
20230314,全措涝备,136463
20230315,全措涝备,136272
20230316,全措涝备,140612
20230317,全措涝备,160061
20230318,全措涝备,181539
20230319,全措涝备,130337
20230320,全措涝备,131572
20230321,全措涝备,133167
20230322,全措涝备,134788
20230323,全措涝备,140936
20230324,全措涝备,159783
20230325,全措涝备,178821
20230326,全措涝备,129955
20230327,全措涝备,130478
20230328,全措涝备,135179
20230329,全措涝备,135906
20230330,全措涝备,141328
20230331,全措涝备,159411
20230401,全措涝备,173756
20230402,全措涝备,126321
20230403,全措涝备,133545
20230404,全措涝备,135171
20230405,全措涝备,125857
20230406,全措涝备,142101
20230407,全措涝备,165279
20230408,全措涝备,177411
20230409,全措涝备,126229
20230410,全措涝备,131917
20230411,全措涝备,127364
20230412,全措涝备,137450
20230413,全措涝备,140121
20230414,全措涝备,155266
20230415,全措涝备,157848
20230416,全措涝备,117543
20230417,全措涝备,126803
20230418,全措涝备,123992
20230419,全措涝备,131645
20230420,全措涝备,130442
20230421,全措涝备,151315
20230422,全措涝备,156901
20230423,全措涝备,109751
20230424,全措涝备,121146
20230425,全措涝备,123247
20230426,全措涝备,137244
20230427,全措涝备,144382
20230428,全措涝备,167988
20230429,全措涝备,164860
20230430,全措涝备,150593
20230501,全措涝备,133629
20230502,全措涝备,139832
20230503,全措涝备,144795
20230504,全措涝备,162238
20230505,全措涝备,130122
20230506,全措涝备,150284
20230507,全措涝备,120489
20230508,全措涝备,123791
20230509,全措涝备,130758
20230510,全措涝备,134618
20230511,全措涝备,139915
20230512,全措涝备,163177
20230513,全措涝备,180850
20230514,全措涝备,133916
20230515,全措涝备,130902
20230516,全措涝备,134256
20230517,全措涝备,136661
20230518,全措涝备,136737
20230519,全措涝备,163363
20230520,全措涝备,185447
20230521,全措涝备,131011
20230522,全措涝备,128949
20230523,全措涝备,131473
20230524,全措涝备,133217
20230525,全措涝备,137411
20230526,全措涝备,155015
20230527,全措涝备,150444
20230528,全措涝备,117696
20230529,全措涝备,122763
20230530,全措涝备,125213
20230531,全措涝备,130226
20230601,全措涝备,133545
20230602,全措涝备,153203
20230603,全措涝备,171379
20230604,全措涝备,130272
20230605,全措涝备,146349
20230606,全措涝备,124557
20230607,全措涝备,122972
20230608,全措涝备,127240
20230609,全措涝备,148273
20230610,全措涝备,159249
20230611,全措涝备,115856
20230612,全措涝备,125373
20230613,全措涝备,131205
20230614,全措涝备,132275
20230615,全措涝备,137274
20230616,全措涝备,156155
20230617,全措涝备,176047
20230618,全措涝备,121316
20230619,全措涝备,128572
20230620,全措涝备,132744
20230621,全措涝备,136959
20230622,全措涝备,151938
20230623,全措涝备,168872
20230624,全措涝备,178012
20230625,全措涝备,126516
20230626,全措涝备,124947
20230627,全措涝备,135654
20230628,全措涝备,137456
20230629,全措涝备,120648
20230630,全措涝备,161097
20230701,全措涝备,168836
20230702,全措涝备,118101
20230703,全措涝备,127909
20230704,全措涝备,122272
20230705,全措涝备,137973
20230706,全措涝备,141883
20230707,全措涝备,157584
20230708,全措涝备,173546
20230709,全措涝备,111217
20230710,全措涝备,128392
20230711,全措涝备,118464
20230713,全措涝备,121743
20230714,全措涝备,136159
20230715,全措涝备,160076
20230716,全措涝备,126688
20230717,全措涝备,132653
20230718,全措涝备,132378
20230719,全措涝备,143927
20230720,全措涝备,152705
20230721,全措涝备,163333
20230722,全措涝备,168844
20230723,全措涝备,117026
20230724,全措涝备,136959
20230725,全措涝备,138385
20230726,全措涝备,138547
20230727,全措涝备,145170
20230728,全措涝备,158840
20230729,全措涝备,166782
20230730,全措涝备,131398
20230731,全措涝备,140084
20230801,全措涝备,138755
20230802,全措涝备,138828
20230803,全措涝备,138035
20230804,全措涝备,141562
20230805,全措涝备,144801
20230806,全措涝备,110104
20230807,全措涝备,126052
20230808,全措涝备,134012
20230809,全措涝备,131867
20230810,全措涝备,90793
20230811,全措涝备,140956
20230812,全措涝备,163472
20230813,全措涝备,135538
20230814,全措涝备,147487
20230815,全措涝备,129790
20230816,全措涝备,136022
20230817,全措涝备,139271
20230818,全措涝备,152939
20230819,全措涝备,165923
20230820,全措涝备,122985
20230821,全措涝备,129191
20230822,全措涝备,129130
20230823,全措涝备,125813
20230824,全措涝备,137168
20230825,全措涝备,158636
20230826,全措涝备,168953
20230827,全措涝备,129082
20230828,全措涝备,125386
20230829,全措涝备,122565
20230830,全措涝备,132440
20230831,全措涝备,135477
20230901,全措涝备,153694
20230902,全措涝备,171924
20230903,全措涝备,118661
20230904,全措涝备,127498
20230905,全措涝备,130854
20230906,全措涝备,133757
20230907,全措涝备,136152
20230908,全措涝备,156435
20230909,全措涝备,178899
20230910,全措涝备,128924
20230911,全措涝备,127669
20230912,全措涝备,132542
20230913,全措涝备,133403
20230914,全措涝备,146949
20230915,全措涝备,166850
20230916,全措涝备,175718
20230917,全措涝备,128769
20230918,全措涝备,129391
20230919,全措涝备,130919
20230920,全措涝备,123980
20230921,全措涝备,137642
20230922,全措涝备,158773
20230923,全措涝备,174327
20230924,全措涝备,122511
20230925,全措涝备,125237
20230926,全措涝备,125435
20230927,全措涝备,137634
20230928,全措涝备,95860
20230929,全措涝备,83469
20230930,全措涝备,115347
