date,personnel,Temp(℃),preci(mm),hum(%rh),wind(m/s),covid,day
2020-02-01,147978,2.6,0,66.6,1.7,0,토
2020-02-02,108525,1.5,0,52.3,1.8,0,일
2020-02-03,125584,-0.4,0,43.6,3.1,0,월
2020-02-04,128879,-1.6,1.7,50.3,2.8,0,화
2020-02-05,129085,-8.3,0,37.3,3.3,2,수
2020-02-06,129385,-6.4,0,36.4,1.9,2,목
2020-02-07,141766,-1.7,0,45.1,2,0,금
2020-02-08,143265,-0.1,0,48.1,3,0,토
2020-02-09,110929,-0.5,0,51.1,2,0,일
2020-02-10,132682,4,0,49.4,1.7,0,월
2020-02-11,136814,6.8,0,37,1.6,0,화
2020-02-12,128888,7.4,6.7,73.4,2.2,0,수
2020-02-13,145375,6.5,0,84.8,1.7,0,목
2020-02-14,163810,8.1,0,70.3,1.2,0,금
2020-02-15,164745,9.8,2,63,2.7,0,토
2020-02-16,116890,-1.4,13.4,81.1,4,2,일
2020-02-17,133319,-5.9,1,64.3,3.4,0,월
2020-02-18,142786,-4.1,0,44,2.3,0,화
2020-02-19,142476,1,0,56.8,1.5,2,수
2020-02-20,141948,4.6,0,62.6,1.7,5,목
2020-02-21,140544,6.7,4.2,66.3,2.2,2,금
2020-02-22,122781,4,3.1,62,4,3,토
2020-02-23,88400,2.5,0,48.6,2,4,일
2020-02-24,98028,7,0,51.8,1.6,7,월
2020-02-25,88421,6.7,16.6,73.5,4.2,8,화
2020-02-26,91770,6.4,0,59.6,2.1,10,수
2020-02-27,87159,6.1,0,54,2,7,목
2020-02-28,81437,4.5,3.9,79.4,1.4,12,금
2020-02-29,67605,7.7,0.5,68.6,1.7,8,토
2020-03-01,45197,5.8,0.2,71.8,2,9,일
2020-03-02,73330,3.4,0,55.3,2.7,7,월
2020-03-03,75311,4.8,0,57,2.6,0,화
2020-03-04,77080,2.2,0,53.4,3.7,5,수
2020-03-05,79513,1.4,0,47.5,2.5,2,목
2020-03-06,87321,3.7,0,46.8,1.6,3,금
2020-03-07,77388,7,0,39.5,2,12,토
2020-03-08,56536,9.3,0,43.8,1.6,10,일
2020-03-09,80536,11.1,0,37.6,1.8,11,월
2020-03-10,75737,6.4,11.8,78.4,2.8,53,화
2020-03-11,83982,3.8,0,41.8,3.3,19,수
2020-03-12,82587,6.8,0,49.8,2.5,12,목
2020-03-13,91857,4.9,0.5,41,3.3,13,금
2020-03-14,84333,3.6,0,48.1,3,9,토
2020-03-15,57469,4,0,48.3,3.6,6,일
2020-03-16,77207,3.6,0,42.4,2.8,12,월
2020-03-17,78282,6.6,0,65.8,2.1,5,화
2020-03-18,84361,10,0,45.8,1.8,12,수
2020-03-19,79663,9.1,0,49,4.8,17,목
2020-03-20,98659,8.8,0,39.6,3.1,15,금
2020-03-21,87994,12.8,0,56.5,2,10,토
2020-03-22,62490,11,0,37.5,3,6,일
2020-03-23,80452,10.6,0,37.9,1.9,4,월
2020-03-24,81775,11.4,0,35,1.8,13,화
2020-03-25,85688,12.5,0,33.6,1.9,13,수
2020-03-26,81992,14.8,1.8,53.8,1.9,12,목
2020-03-27,95694,11.9,2,56.4,3.3,18,금
2020-03-28,87481,7.7,0,17.9,3.2,20,토
2020-03-29,59857,8.7,0,30.6,2,16,일
2020-03-30,79905,10.2,0,38.4,1.8,24,월
2020-03-31,81443,11.9,0,34.5,2,24,화
2020-04-01,85033,11.3,0,35.6,3.7,14,수
2020-04-02,84343,9.3,0,41.4,2.3,18,목
2020-04-03,96702,10,0,53.8,2.7,22,금
2020-04-04,89179,8.9,0,36.4,3.4,24,토
2020-04-05,61541,7.2,0,29.5,2.8,11,일
2020-04-06,82879,9.3,0,38.3,2.4,4,월
2020-04-07,83927,10.6,0,56.6,2.5,11,화
2020-04-08,87338,9.4,0,25.5,3.5,12,수
2020-04-09,87875,8.9,0,44.6,2.8,5,목
2020-04-10,99982,10.7,0,52.6,2.4,4,금
2020-04-11,93362,9.9,0,63.8,2.5,3,토
2020-04-12,64507,9.9,0,58.6,3.8,8,일
2020-04-13,84282,12.4,0,39.4,3.1,2,월
2020-04-14,94347,13,0,46.8,2.4,5,화
2020-04-15,75822,13.2,0,39.8,2.2,2,수
2020-04-16,90304,16,0,39.9,2.3,2,목
2020-04-17,93600,12.5,6.5,77.8,2.4,1,금
2020-04-18,102130,13.5,0,67.9,2.6,2,토
2020-04-19,61823,12.3,10.3,75.8,2.7,0,일
2020-04-20,85063,10,0.1,73,3.3,2,월
2020-04-21,90078,7.4,0,49,4.4,2,화
2020-04-22,92040,6,0,46.8,4,0,수
2020-04-23,95299,7.9,0,47.8,3.7,0,목
2020-04-24,110137,9.9,0,55.6,3.9,1,금
2020-04-25,110217,13.1,0,54.4,3.9,0,토
2020-04-26,77648,12.3,0,43.1,3.2,0,일
2020-04-27,90698,12.9,0,49.8,2.8,4,월
2020-04-28,95479,13.9,0,50,3,0,화
2020-04-29,107052,14.9,0,48.6,2.6,0,수
2020-04-30,94550,17.1,0,57.1,2.7,1,목
2020-05-01,97387,20.2,0,73.6,2.7,1,금
2020-05-02,102340,20.3,0,79.6,2.3,2,토
2020-05-03,77964,21.8,0,68.8,2,0,일
2020-05-04,100172,20.2,0,63.9,2.7,0,월
2020-05-05,85380,16,0,67.9,1.9,0,화
2020-05-06,100452,19.4,0,50,2.1,0,수
2020-05-07,103157,20.7,0,32.5,2.5,0,목
2020-05-08,108252,19.9,2.3,32.8,2.4,12,금
2020-05-09,92122,14.2,24.4,94.4,3.6,14,토
2020-05-10,75323,14.4,1.3,88.6,2.5,21,일
2020-05-11,90704,16.5,3.4,61,3,12,월
2020-05-12,90910,14.3,0.7,69.4,2.9,11,화
2020-05-13,87419,16.1,0,47.3,2.8,4,수
2020-05-14,82041,19.3,0,35.4,2,14,목
2020-05-15,80932,16.1,12,81.4,3,5,금
2020-05-16,67356,16.7,2.5,90.3,1.6,5,토
2020-05-17,50634,19.1,0,80.1,1.7,1,일
2020-05-18,74195,19.1,29.8,79.4,2.4,6,월
2020-05-19,78131,13,19,73.6,3.2,10,화
2020-05-20,85599,14.4,0,60.4,1.9,4,수
2020-05-21,86532,17.4,0,56.1,2.1,2,목
2020-05-22,92841,18.5,0,68.5,1.9,4,금
2020-05-23,82801,20.1,0,66.1,2.2,6,토
2020-05-24,56118,17.1,14.5,84.8,2.9,6,일
2020-05-25,83473,16.6,0,81,2.1,9,월
2020-05-26,84655,16.2,1.5,81.9,2.1,19,화
2020-05-27,90305,17.4,0,68.5,2.6,24,수
2020-05-28,87619,18.7,0,62.8,1.9,20,목
2020-05-29,95781,20.7,0,65.6,2,9,금
2020-05-30,85933,22.6,0,57.3,1.9,6,토
2020-05-31,60468,21.2,1,63,2.3,1,일
2020-06-01,83603,19.7,0.4,64.3,3.4,14,월
2020-06-02,81682,17.9,2,71,2.2,19,화
2020-06-03,89828,22,0,73.3,2.4,14,수
2020-06-04,89803,21.9,0.2,81.1,2.7,15,목
2020-06-05,100147,23,0,69.4,1.8,23,금
2020-06-06,90019,24.6,0,63.6,2,27,토
2020-06-07,65101,22.7,0,69.4,2.3,21,일
2020-06-08,86418,25,0,63.6,2.1,19,월
2020-06-09,89163,26.7,0,51.6,2.3,12,화
2020-06-10,92070,25.8,6.2,63.8,2,21,수
2020-06-11,93055,26.1,0,68.3,2.2,25,목
2020-06-12,102862,24.7,0,68.6,1.7,29,금
2020-06-13,96107,26.9,0,52.8,1.9,12,토
2020-06-14,67756,24,1.1,70.6,2.9,7,일
2020-06-15,90290,23,0,62.3,2.8,12,월
2020-06-16,92819,24.4,0,63,2.2,13,화
2020-06-17,95398,24.3,0,58.6,2,25,수
2020-06-18,95735,23.4,0,61.4,1.6,18,목
2020-06-19,104954,24.7,0.1,61.4,2.1,14,금
2020-06-20,99034,24.9,0,62.6,2.1,17,토
2020-06-21,67994,26.1,0,59.5,2,5,일
2020-06-22,90607,28.6,0,50.5,2,6,월
2020-06-23,93975,27.3,0,53.5,1.9,11,화
2020-06-24,89043,22.3,37.6,83.5,2.7,9,수
2020-06-25,95022,21.6,13.3,91,2.2,17,목
2020-06-26,110564,21.8,2.1,82.1,3.2,17,금
2020-06-27,108770,24.1,0,70.4,2,14,토
2020-06-28,78023,25.2,0,70.5,2.4,7,일
2020-06-29,93241,23.8,11.9,77,2.4,7,월
2020-06-30,94005,20.1,64.7,83,4,9,화
2020-07-01,101955,21.1,0,79.3,1.9,13,수
2020-07-02,103759,24.2,0,74.5,1.9,12,목
2020-07-03,116882,25.5,0.1,63.5,2.6,7,금
2020-07-04,114774,24.2,1.6,63.9,2.1,16,토
2020-07-05,80080,23.8,0,68.6,1.9,3,일
2020-07-06,99292,25.6,0,66.6,2.1,3,월
2020-07-07,100628,24.1,0,75.5,2.5,10,화
2020-07-08,103624,25.5,0,71.9,2,8,수
2020-07-09,103655,27.5,0,64.6,1.7,8,목
2020-07-10,112493,24.5,2.2,75,2.8,8,금
2020-07-11,117550,25.8,0,62.6,2.6,7,토
2020-07-12,81925,23.5,2.9,71.9,2.4,13,일
2020-07-13,91894,18.7,47.6,94.8,4,7,월
2020-07-14,100765,20.3,11.5,79.4,2.8,6,화
2020-07-15,109897,23.4,0,63.1,2,7,수
2020-07-16,108433,25,0,70.9,1.8,9,목
2020-07-17,119168,26,0,72,1.9,6,금
2020-07-18,121989,26.1,0,71.6,1.6,10,토
2020-07-19,72062,24,29.1,81.6,2.7,3,일
2020-07-20,99037,23.8,3.6,86.3,3.7,21,월
2020-07-21,108204,25,0,77,1.6,16,화
2020-07-22,104278,23.7,11.5,89.3,1.6,12,수
2020-07-23,100520,21.1,103.1,95.5,3.6,21,목
2020-07-24,113633,22.5,2.9,74.3,4.6,11,금
2020-07-25,118817,24.3,0,69.3,3.1,7,토
2020-07-26,84346,25.4,0,69.3,2,9,일
2020-07-27,98233,24.3,2.2,86.4,2.2,6,월
2020-07-28,103741,24.4,0.4,84.8,2,9,화
2020-07-29,103099,23.7,50.1,95.8,2,3,수
2020-07-30,109453,25.3,0.1,85.5,2.1,8,목
2020-07-31,122245,26.2,1.5,81.9,2,2,금
2020-08-01,104168,25.3,39.1,90.9,1.7,5,토
2020-08-02,68404,24.9,31.4,96.3,2.3,5,일
2020-08-03,91539,25,102.6,96.3,3,9,월
2020-08-04,100759,27,3.9,89.3,3.5,6,화
2020-08-05,103749,26.5,18.5,92.1,1.9,9,수
2020-08-06,110882,24.1,75.7,92.8,3.3,9,목
2020-08-07,127172,24.3,0,85.3,1.8,17,금
2020-08-08,123228,24.2,19.1,89.5,2.3,13,토
2020-08-09,69979,24.9,50.3,95.4,2.6,13,일
2020-08-10,100640,26.5,44.6,91.6,2,6,월
2020-08-11,106354,24.6,97,92.5,2.2,15,화
2020-08-12,116846,27.2,0,83.9,1.9,26,수
2020-08-13,116150,28,0,82.4,2.5,32,목
2020-08-14,123728,27.1,0.4,86.1,3.5,74,금
2020-08-15,102754,26.1,69,96,1.9,146,토
2020-08-16,85888,27.4,0,82.6,3,90,일
2020-08-17,79516,28.2,0,77.9,2.3,132,월
2020-08-18,92822,27.5,0,76.3,1.6,151,화
2020-08-19,86938,27.1,0,76.8,2,135,수
2020-08-20,81050,27.7,0,76,1.7,126,목
2020-08-21,82264,26.6,2.5,83.1,1.6,129,금
2020-08-22,58374,24.3,42.6,87.4,2.1,140,토
2020-08-23,44481,25.3,0,78.4,1.9,97,일
2020-08-24,72571,27.8,0,71.6,2.2,135,월
2020-08-25,74766,29.9,0,69.5,2.1,111,화
2020-08-26,71400,30.2,0.6,68.3,3.4,154,수
2020-08-27,64437,27.1,8.7,84.6,3.6,146,목
2020-08-28,75004,27.3,13.6,89.1,1.6,125,금
2020-08-29,52330,26.8,13.6,90.1,1.3,116,토
2020-08-30,34643,26.8,42.5,88.8,2.1,94,일
2020-08-31,60756,26.4,0,77.9,2.8,94,월
2020-09-01,59941,26.6,0,72.4,1.9,101,화
2020-09-02,56392,24.3,33.3,91.3,2.3,69,수
2020-09-03,58331,22.7,29.8,82,4.8,68,목
2020-09-04,68720,23.3,0,63.9,2.7,51,금
2020-09-05,53105,23.3,0,66.6,2,63,토
2020-09-06,37124,21.7,6.4,80,2.7,48,일
2020-09-07,56170,19.2,61,93.5,4.2,67,월
2020-09-08,67227,23.4,0,71.5,4.2,49,화
2020-09-09,65703,21.1,1.3,83.4,2.1,48,수
2020-09-10,69420,22.8,3.9,75.8,2,63,목
2020-09-11,75484,22.4,1.2,72.6,2.8,50,금
2020-09-12,63163,20.2,5.7,83.8,2,31,토
2020-09-13,50425,21.5,0,70.4,1.9,41,일
2020-09-14,74228,21.3,0,79.3,1.8,32,월
2020-09-15,78897,23,0,76.4,1.6,51,화
2020-09-16,79371,22.5,0.3,79.9,1.9,64,수
2020-09-17,83227,21.3,0,70.3,2.1,46,목
2020-09-18,95077,21.5,0,62,2.8,40,금
2020-09-19,90750,21.2,0.3,59.3,2.2,28,토
2020-09-20,64770,19.7,0,57.6,2,23,일
2020-09-21,82785,19.1,0,56.1,1.7,21,월
2020-09-22,85477,20.2,0,55.3,2.8,40,화
2020-09-23,87856,19.2,0,59.9,3.3,39,수
2020-09-24,89788,20.6,0,59.6,3.7,57,목
2020-09-25,102667,20.1,0,64.1,2.5,26,금
2020-09-26,98959,19.3,0,62.5,2.4,34,토
2020-09-27,71467,20.4,0,63.3,2,19,일
2020-09-28,88995,20.7,0,66,2,11,월
2020-09-29,96164,19.6,0,67.6,1.9,51,화
2020-09-30,55691,19.6,38.3,78,1.7,30,수
2020-10-01,37311,18.8,0,74.9,2.1,11,목
2020-10-02,62336,19.2,0,79.6,2.3,26,금
2020-10-03,80317,19.9,0,72.5,1.6,16,토
2020-10-04,66225,16.6,0,65.1,2.8,19,일
2020-10-05,87664,13.3,0,57.3,2.5,15,월
2020-10-06,91581,14.2,0,55.9,2,33,화
2020-10-07,93281,16,0,48.9,1.9,20,수
2020-10-08,104007,17.2,0,53,3.1,22,목
2020-10-09,100080,17.2,0,53.4,3,25,금
2020-10-10,102133,16.9,0,60.1,2,23,토
2020-10-11,72597,16.9,0,68.5,1.8,31,일
2020-10-12,90328,16.2,0,68.6,2.2,20,월
2020-10-13,93986,13.6,0,52.3,2.2,23,화
2020-10-14,97177,12.8,0,47,2.4,25,수
2020-10-15,98761,11.7,0,41.8,1.5,18,목
2020-10-16,111052,11.8,0,64.3,1.5,18,금
2020-10-17,117111,13.1,0,64.3,1.8,20,토
2020-10-18,79168,13.6,0,65.5,2,14,일
2020-10-19,91192,15.1,0,74.4,1.7,11,월
2020-10-20,95658,15.2,0,67.1,1.6,17,화
2020-10-21,96905,14.1,0,69.4,1.9,18,수
2020-10-22,102220,13.5,0,66,2.8,20,목
2020-10-23,121800,8.6,0,51.5,3,22,금
2020-10-24,132171,8.7,0,47.6,2.5,17,토
2020-10-25,93581,11.8,0,62.5,1.7,20,일
2020-10-26,98385,12.9,0,71.6,1.6,24,월
2020-10-27,99706,14,0,74.1,1.8,25,화
2020-10-28,104233,13.8,0,52.1,2.5,36,수
2020-10-29,105207,10.8,0,40.3,2,47,목
2020-10-30,123010,11.9,0,42.9,1.5,52,금
2020-10-31,128266,13.6,0,60.3,2.6,45,토
2020-11-01,79017,13.7,13.6,84.3,2.3,25,일
2020-11-02,97239,10.8,1.7,58.3,2.3,22,월
2020-11-03,102829,5.1,0.5,47.5,3.5,42,화
2020-11-04,104811,4.9,0,43.9,2.3,50,수
2020-11-05,107481,9.6,0,61.5,1.8,40,목
2020-11-06,120748,13.5,0,63.3,1.7,37,금
2020-11-07,131014,14.6,0.1,68.8,2.7,54,토
2020-11-08,94446,8.5,0,43.8,3.1,46,일
2020-11-09,97784,5.5,0,40.9,1.8,35,월
2020-11-10,103852,7.7,0,56.1,2.2,45,화
2020-11-11,109043,9.3,0,53.5,1.6,53,수
2020-11-12,108257,10.4,0,56.9,1.7,74,목
2020-11-13,122925,12.2,0,71.5,1.6,69,금
2020-11-14,130929,12.5,0,66.9,1.7,85,토
2020-11-15,89817,11.1,0,75,1.7,80,일
2020-11-16,96880,12.4,0,70.1,1.6,90,월
2020-11-17,99065,15.9,0.1,67.5,2.3,92,화
2020-11-18,96141,16.6,12.2,91.4,2.6,109,수
2020-11-19,90852,13.6,86.9,90.5,4.2,132,목
2020-11-20,111177,2.8,0,74.3,3.2,156,금
2020-11-21,103702,6.5,0.2,67.9,2.1,121,토
2020-11-22,70577,5.6,4.8,80.5,2.5,112,일
2020-11-23,88893,1.7,0,61.4,2.3,133,월
2020-11-24,83630,2.9,0,54.5,1.8,142,화
2020-11-25,82423,4.6,0,64.1,1.5,212,수
2020-11-26,79467,5.6,0,66.5,1.7,204,목
2020-11-27,84131,4.1,0,61.6,2.7,178,금
2020-11-28,66292,-0.1,0,50,2.8,158,토
2020-11-29,45790,-0.6,0,59.6,2.2,159,일
2020-11-30,73069,-0.2,0,57.8,1.9,155,월
2020-12-01,74687,1.1,0,44.5,1.9,193,화
2020-12-02,76010,2.4,0,41.4,1.8,262,수
2020-12-03,76126,0.7,0,47.1,2.7,295,목
2020-12-04,82669,-0.6,0,53.8,1.8,235,금
2020-12-05,66536,2.1,0,63.1,1.7,254,토
2020-12-06,47083,4.5,0,66.9,1.8,244,일
2020-12-07,70834,3.4,0,57.5,2.6,211,월
2020-12-08,70661,-0.5,0,50,2,262,화
2020-12-09,70113,1.5,0,55.1,1.5,249,수
2020-12-10,71318,5.8,0,69.9,1.7,252,목
2020-12-11,76238,5.3,0,77.1,1.8,362,금
2020-12-12,56307,2.3,0,51.3,2.1,399,토
2020-12-13,36402,-1.1,2.9,74.9,2.9,219,일
2020-12-14,62400,-7.7,0,49.1,3.4,251,월
2020-12-15,62936,-8.3,0,43,2.8,378,화
2020-12-16,62816,-8.3,0,43.9,2.6,422,수
2020-12-17,63978,-4.9,0,47,1.7,398,목
2020-12-18,70012,-2.1,0.2,57,3,380,금
2020-12-19,52761,-5.1,0,45.1,2.4,472,토
2020-12-20,37187,-3.7,0,50.4,2,327,일
2020-12-21,65017,-1,0,64.1,1.6,316,월
2020-12-22,67555,2,0,67.6,2,375,화
2020-12-23,68931,4.5,0,76.6,2.3,319,수
2020-12-24,75577,2.6,0,61.5,2.9,552,목
2020-12-25,46977,-0.8,0,51.9,2.1,465,금
2020-12-26,45087,2.2,0,65.8,1.8,362,토
2020-12-27,34064,5.8,0,62.9,1.8,299,일
2020-12-28,62643,6.7,1.3,72.1,1.4,520,월
2020-12-29,64055,0.1,0.2,70.8,2.9,387,화
2020-12-30,64308,-10.9,0,55.5,4.1,366,수
2020-12-31,64617,-8.9,0,53.9,2.4,357,목
2021-01-01,29671,-4.2,0,64,2,250,금
2021-01-02,45163,-5,0,38.5,2.6,198,토
2021-01-03,34562,-5.6,0,45,2,329,일
2021-01-04,65646,-3.5,0,51.4,1.7,199,월
2021-01-05,65962,-5.5,0,52.8,2.9,263,화
2021-01-06,68834,-7.4,2.3,54.6,2.4,297,수
2021-01-07,66239,-14.5,0,49.9,4.1,191,목
2021-01-08,71586,-14.9,0,44,3.3,188,금
2021-01-09,57464,-12.2,0,46.3,2.6,187,토
2021-01-10,41013,-7.7,0,54.4,1.3,141,일
2021-01-11,67434,-6.7,0,62.1,1.9,167,월
2021-01-12,71707,-3.9,2.6,79.5,1.8,152,화
2021-01-13,74055,2,0,80.3,2.4,134,수
2021-01-14,74544,1.7,0,46.5,2.3,127,목
2021-01-15,80030,4.5,0.2,67.4,3,156,금
2021-01-16,71219,-4.9,0,59.3,3.3,145,토
2021-01-17,48135,-5.5,0,58.5,2.3,132,일
2021-01-18,75310,-3.8,0.3,64.3,3.2,101,월
2021-01-19,76051,-6.3,0,37.9,1.8,143,화
2021-01-20,82631,-0.1,0,37.8,2.2,125,수
2021-01-21,78598,4.5,9.2,64.4,2.3,115,목
2021-01-22,86708,5.5,0.1,92.9,1.7,127,금
2021-01-23,85967,7.6,0,66,4.2,133,토
2021-01-24,62744,7.3,0,63.9,2.1,101,일
2021-01-25,82190,7.9,0,62,1.9,104,월
2021-01-26,81328,5.3,1.7,80.4,1.9,129,화
2021-01-27,88842,1.7,0,47.6,2.2,105,수
2021-01-28,82018,-2.6,2,52.3,4,112,목
2021-01-29,87817,-8.8,0,40,3.5,152,금
2021-01-30,90673,-1.6,0.5,60,2.5,99,토
2021-01-31,65526,3.2,0,57,2,107,일
2021-02-01,84283,5,0.7,74.5,2.7,128,월
2021-02-02,85202,-5.6,0,44.1,3.9,188,화
2021-02-03,89779,-3.2,3.4,64.6,2.2,172,수
2021-02-04,89109,-3.6,0.1,50.1,2.5,126,목
2021-02-05,98895,1.4,0,71.8,2.4,143,금
2021-02-06,96615,6.8,0,80.4,2.2,144,토
2021-02-07,70923,3.6,0,67,2.9,112,일
2021-02-08,89885,-3.1,0,43.6,3.4,90,월
2021-02-09,94034,-0.9,0,51.9,2,175,화
2021-02-10,96015,3.4,0,75.1,2.1,183,수
2021-02-11,55918,5.5,0,71.5,1.3,158,목
2021-02-12,37255,6.5,0,60.6,1.7,136,금
2021-02-13,74469,7.6,0,50.6,1.5,152,토
2021-02-14,70362,9.5,0,47.6,1.7,150,일
2021-02-15,91330,1.2,1.4,65.1,4,161,월
2021-02-16,93168,-5.1,1.5,57.9,3.2,258,화
2021-02-17,95493,-8.3,0,44.1,5,185,수
2021-02-18,98920,-5.8,0,44.9,3.1,180,목
2021-02-19,109155,1.6,0,66.9,2.9,122,금
2021-02-20,112316,8.8,0,60.4,2.1,130,토
2021-02-21,83599,10.8,0,66.6,2.8,106,일
2021-02-22,97682,7.8,0,58.3,2.9,125,월
2021-02-23,97790,0,0,34,2.9,144,화
2021-02-24,100987,2.9,0,33,1.8,122,수
2021-02-25,103183,4.2,0,35.1,1.4,131,목
2021-02-26,113003,8.2,0,35,2.3,131,금
2021-02-27,116152,9.5,0,48.6,3.4,120,토
2021-02-28,95432,7.8,0,49,2.1,92,일
2021-03-01,57386,4.7,67.5,91,3.5,122,월
2021-03-02,88656,2.3,0.1,75.9,1.9,119,화
2021-03-03,91965,4.4,0,64.4,1.8,118,수
2021-03-04,92161,7.2,0,62.4,1.9,129,목
2021-03-05,109967,9,0,70.3,2.1,128,금
2021-03-06,119868,6.6,0,69.5,3.3,132,토
2021-03-07,84660,6.2,0,62.9,2.8,100,일
2021-03-08,90826,7,0,60.3,1.8,102,월
2021-03-09,92807,6.6,0,58.5,2.2,138,화
2021-03-10,96469,8.8,0,61.8,1.8,138,수
2021-03-11,96554,10.2,0,50.8,1.8,140,목
2021-03-12,109558,10.5,0,57,2.2,140,금
2021-03-13,123614,9.2,0,62.8,2.2,112,토
2021-03-14,87290,9.1,0,71.4,2.2,109,일
2021-03-15,90980,10.6,1.7,68.8,2.4,79,월
2021-03-16,91936,8.4,1.3,52.5,3.2,120,화
2021-03-17,97365,8.8,0,44.9,1.8,124,수
2021-03-18,97492,11.7,0,50.1,1.8,146,목
2021-03-19,114368,15.3,0,47.9,2.2,115,금
2021-03-20,111922,9.9,5.1,74.6,2.2,125,토
2021-03-21,89852,5.8,0.3,65.9,4,109,일
2021-03-22,90418,6.2,0,55.3,3.2,97,월
2021-03-23,94552,9.1,0,63.5,2.5,137,화
2021-03-24,96072,10.8,0,61.5,2.4,127,수
2021-03-25,99346,11.9,0,68.5,2.2,121,목
2021-03-26,114785,12.6,0,58.4,1.4,127,금
2021-03-27,104766,12.1,25.5,70.9,2.5,138,토
2021-03-28,77059,9,9.2,95.8,3.3,107,일
2021-03-29,89107,10.2,0.2,62.3,3.3,145,월
2021-03-30,93633,10.8,0,47.3,2.2,158,화
2021-03-31,97590,14.5,0,41,1.8,199,수
2021-04-01,99499,17.7,0,33,3.5,166,목
2021-04-02,113292,17.8,0,35.6,3.2,155,금
2021-04-03,93019,14.9,56.2,80.8,3.1,149,토
2021-04-04,83924,11.9,0.6,65.8,3.2,152,일
2021-04-05,92232,11.9,0,47.9,2.4,147,월
2021-04-06,95465,13.9,0,50.9,2.5,198,화
2021-04-07,97166,14.1,0,47.5,2.5,244,수
2021-04-08,97400,13,0,34,2.7,215,목
2021-04-09,110232,13.6,0,39.3,2.7,201,금
2021-04-10,115092,12.6,0,50,2.6,214,토
2021-04-11,80698,15,0,45.4,1.7,162,일
2021-04-12,82167,13.8,22,70.4,2.4,158,월
2021-04-13,89952,10.4,8,74,3.7,247,화
2021-04-14,93880,8.4,0,58.5,2.9,217,수
2021-04-15,94689,11.6,0,62.3,2.1,216,목
2021-04-16,102205,11.3,0.7,60,2.6,217,금
2021-04-17,105312,9.6,0,56.6,2.6,204,토
2021-04-18,74406,9.9,0,64.3,3.2,137,일
2021-04-19,85928,12.2,0,65.3,2.4,148,월
2021-04-20,88399,14.8,0,55.1,1.9,218,화
2021-04-21,91045,19.1,0,43.1,1.8,230,수
2021-04-22,93816,20.9,0,37.9,2.5,204,목
2021-04-23,107714,19,0,41.4,3.2,253,금
2021-04-24,111062,18.3,0,43,2.7,175,토
2021-04-25,77649,18.2,0,50,2.7,154,일
2021-04-26,90342,16.2,0,51.8,2.6,116,월
2021-04-27,93981,15.4,1.7,62.4,2.3,257,화
2021-04-28,97840,14.5,4.7,64.1,2.4,227,수
2021-04-29,101350,14.6,3.9,54.1,2.3,227,목
2021-04-30,113976,11.3,26.3,81.8,2.4,195,금
2021-05-01,117384,10.2,8,80.8,2.7,182,토
2021-05-02,91593,12.4,1.7,67.9,3.1,126,일
2021-05-03,97487,14.1,0,56.4,2.1,184,월
2021-05-04,98842,13.8,19.6,82.6,2.1,238,화
2021-05-05,112970,13.9,0.1,64.4,3.5,212,수
2021-05-06,105732,15.7,0,46.4,2.4,179,목
2021-05-07,112904,14.4,8.8,60.3,3.4,242,금
2021-05-08,98318,14.3,0,66.1,3.4,195,토
2021-05-09,89788,15.7,0,51.3,3.5,141,일
2021-05-10,89054,13.2,0,67.9,1.8,163,월
2021-05-11,100296,18.5,0,48.9,2.7,222,화
2021-05-12,102192,22,0,39.5,2.2,227,수
2021-05-13,103405,22.9,0,54.4,1.9,231,목
2021-05-14,119299,24.1,0,60.3,1.7,254,금
2021-05-15,116946,22.1,15,79.5,1.7,213,토
2021-05-16,70411,18.4,66.9,97.6,2.5,195,일
2021-05-17,91149,15.3,3.1,93,1.6,172,월
2021-05-18,109735,17.9,0,70.5,1.7,249,화
2021-05-19,113134,19.9,0,52.3,1.8,242,수
2021-05-20,97030,18.7,0.9,59.8,2.5,172,목
2021-05-21,110895,16,6.9,86.5,1.7,208,금
2021-05-22,124823,18.6,0.2,69.3,2.5,181,토
2021-05-23,87248,19.5,0,64.4,1.7,139,일
2021-05-24,94093,19.4,0,61,2.7,138,월
2021-05-25,93833,15.3,8.3,72.3,3.2,261,화
2021-05-26,99370,18,0,58.5,2.9,218,수
2021-05-27,95156,15.8,8.9,83,2.8,214,목
2021-05-28,109666,15.3,12.3,86,2.6,194,금
2021-05-29,119308,15.4,0.3,79.8,2.2,160,토
2021-05-30,87609,18.4,18.1,73,2.1,130,일
2021-05-31,88471,19.9,4,78.9,1.8,147,월
2021-06-01,92680,20.2,3.2,74.6,2.2,258,화
2021-06-02,95516,23.2,0,64.4,2.1,215,수
2021-06-03,90213,19.1,18.1,80.8,1.8,206,목
2021-06-04,112660,18.5,0,69.4,2.9,277,금
2021-06-05,122618,20.8,0,68.1,3.3,179,토
2021-06-06,86132,23,0,69.6,2.2,159,일
2021-06-07,90627,21.1,0,71.5,1.7,139,월
2021-06-08,95614,23.6,0.1,69.6,1.7,183,화
2021-06-09,96889,25.8,0,59.1,1.6,212,수
2021-06-10,98349,24.9,6.1,68.5,2.2,204,목
2021-06-11,106475,21.5,4.6,84.5,2.8,208,금
2021-06-12,117980,24.2,0,74.6,1.8,176,토
2021-06-13,81412,24.8,0,72.6,2,122,일
2021-06-14,95043,24.8,0,68.8,2.1,131,월
2021-06-15,95488,22.5,1.9,79.1,2.3,201,화
2021-06-16,103176,24.3,0,59.9,3.6,201,수
2021-06-17,105649,21.9,0,71.4,2.4,200,목
2021-06-18,114439,20,6.3,92.1,2.5,197,금
2021-06-19,126954,22.3,0,74,1.8,165,토
2021-06-20,89148,22.9,0,73.3,2.8,134,일
2021-06-21,104635,23.6,0,67,2.2,131,월
2021-06-22,105390,22.8,0,67.9,2.1,236,화
2021-06-23,105999,22.4,7.5,70.5,2.4,252,수
2021-06-24,111927,23,0,71.1,1.9,269,목
2021-06-25,121377,24.1,0,69,2,263,금
2021-06-26,122300,22.8,4.5,78.5,1.8,242,토
2021-06-27,90756,24.5,38.2,72.1,2,185,일
2021-06-28,98755,23.7,0.1,76.4,1.9,205,월
2021-06-29,102300,23.9,8,78.6,1.8,375,화
2021-06-30,98606,24.3,6,77.9,1.3,333,수
2021-07-01,97744,26.3,0,70.9,1.8,346,목
2021-07-02,105025,27.1,0,64.1,2.3,359,금
2021-07-03,90517,22.6,60,80,3.6,289,토
2021-07-04,60798,21.4,21.4,96.8,2.3,307,일
2021-07-05,92238,23.3,0,80.3,1.4,320,월
2021-07-06,97270,25.3,0,73.4,1.6,582,화
2021-07-07,90480,26.4,12.7,78.5,1.5,550,수
2021-07-08,84705,26,2.9,81.6,2,503,목
2021-07-09,87663,25.5,0,77.3,1.9,509,금
2021-07-10,73936,25.9,0.5,80.4,2.4,509,토
2021-07-11,51983,25.7,0.4,86.8,2.2,403,일
2021-07-12,74436,28.1,0,75.1,1.6,417,월
2021-07-13,73975,28.8,0,76.1,1.7,637,화
2021-07-14,76061,29.7,0,71.4,2.2,519,수
2021-07-15,75709,29.1,0,71.1,2.1,568,목
2021-07-16,79325,28.8,0,68.4,2.2,559,금
2021-07-17,68404,29.1,0,63.1,2.3,522,토
2021-07-18,51388,29.6,0,62.5,2.1,419,일
2021-07-19,72494,26.4,67.4,80.1,1.9,394,월
2021-07-20,76273,27.9,0,75.8,1.5,604,화
2021-07-21,76494,30.5,0,64,1.7,499,수
2021-07-22,76827,31.2,0,59.8,2,519,목
2021-07-23,80579,31.2,0,61.8,1.8,465,금
2021-07-24,69536,31.7,0,57.4,1.7,489,토
2021-07-25,51490,31.5,0,55.8,2,341,일
2021-07-26,76045,31.2,0,54.9,2.4,351,월
2021-07-27,77343,31.1,0,60.5,2.1,573,화
2021-07-28,79048,30.4,0,67.4,1.9,514,수
2021-07-29,79179,29.6,0,69.9,2,488,목
2021-07-30,85741,30.5,0,63.1,2.1,475,금
2021-07-31,73856,29.8,3,69.9,2.5,473,토
2021-08-01,54922,27.1,21,81.8,1.3,364,일
2021-08-02,78549,26.5,1.7,82.6,1.6,311,월
2021-08-03,79342,28,0,76.9,1.8,486,화
2021-08-04,81266,28.9,0,70.6,2,466,수
2021-08-05,84004,29.4,0,68.1,2.1,464,목
2021-08-06,86379,28.1,0,68.4,2.1,503,금
2021-08-07,81841,28,0,65,2.1,450,토
2021-08-08,61504,26.8,12.7,74.8,1.7,413,일
2021-08-09,82114,28.3,0,62.4,2.3,359,월
2021-08-10,83777,27.7,0,62.5,2.3,660,화
2021-08-11,85246,27.4,0,70.3,2,526,수
2021-08-12,85986,26.8,0,67.1,1.8,524,목
2021-08-13,91361,26.6,0,70.4,2,513,금
2021-08-14,82967,26.1,0,63.9,3,488,토
2021-08-15,68427,26.9,0,59.6,2.3,363,일
2021-08-16,70767,27.3,0,61.1,2.3,365,월
2021-08-17,83882,25.9,9.3,65,2.4,509,화
2021-08-18,84558,24.3,5.6,69.6,2.8,575,수
2021-08-19,88161,26,0,57.1,2.6,554,목
2021-08-20,91315,26.6,0,63.6,2.3,525,금
2021-08-21,76598,23.8,62.8,88.1,2.7,497,토
2021-08-22,69816,24.4,0,81.5,2.1,388,일
2021-08-23,79716,22.4,7.4,89.3,2,436,월
2021-08-24,81363,23.4,10.5,93.6,2.9,677,화
2021-08-25,89712,25,0.3,85.5,1.8,570,수
2021-08-26,89462,25.5,0.7,84.9,2.5,556,목
2021-08-27,90426,22.4,0.9,83.5,1.3,569,금
2021-08-28,96773,23.6,0,80.4,1.8,517,토
2021-08-29,73373,23.7,0.9,82.6,1.6,442,일
2021-08-30,85862,24.2,0,77.5,1.4,456,월
2021-08-31,81916,20.5,77.4,93.3,2.3,665,화
2021-09-01,85281,21.4,0.8,83.1,2.9,558,수
2021-09-02,86736,23.5,0,70.3,2.1,542,목
2021-09-03,98009,24.3,0,60.3,2.4,565,금
2021-09-04,104432,23.2,0,57,2.7,508,토
2021-09-05,77783,23.1,0,61.1,3.2,464,일
2021-09-06,83392,22.3,12,70.1,3.2,482,월
2021-09-07,78481,19.6,29.6,98.1,2.3,670,화
2021-09-08,89559,22.2,1.6,81.3,1.7,666,수
2021-09-09,90068,23.5,0,76.5,1.5,670,목
2021-09-10,100925,23.6,0,76,1.9,659,금
2021-09-11,111392,24,0,73.1,1.7,658,토
2021-09-12,87556,24.2,0,64.6,1.8,556,일
2021-09-13,86550,24.8,0,67.1,2.4,539,월
2021-09-14,88693,24.6,0,63.3,2.6,808,화
2021-09-15,93090,23.6,0,57.5,3.6,717,수
2021-09-16,93423,22.9,0,61.1,2.6,746,목
2021-09-17,104088,23.5,0,61.4,3,703,금
2021-09-18,97384,23.9,0,65.1,1.6,742,토
2021-09-19,72127,23.7,0,62.9,1.9,583,일
2021-09-20,55685,23.7,0,63.6,2.7,676,월
2021-09-21,41490,22,68.1,85.1,2.9,644,화
2021-09-22,70124,20.2,4.5,79,2.7,645,수
2021-09-23,88825,20.9,0,67.3,2.4,904,목
2021-09-24,99594,21.8,0,67.5,2.2,1220,금
2021-09-25,101705,21.2,0,72.6,2.3,926,토
2021-09-26,74550,22.6,0,63,2.3,776,일
2021-09-27,84308,21.6,0,66,2.4,840,월
2021-09-28,85962,21.5,1.3,75.1,2.2,1051,화
2021-09-29,83363,20.2,13.1,93.5,1.7,944,수
2021-09-30,91136,20.3,0,83.9,1.5,913,목
2021-10-01,102868,21.1,13.3,75.8,2.4,792,금
2021-10-02,107964,20.7,0,77.1,1.6,734,토
2021-10-03,88061,22.3,0,69.5,1.9,572,일
2021-10-04,77075,22.9,3.6,81,2.9,521,월
2021-10-05,85161,23.6,0,82.4,3.3,690,화
2021-10-06,86273,18.8,6.4,91.5,2.8,835,수
2021-10-07,89699,19.4,4.6,85.5,1.9,772,목
2021-10-08,102141,18.8,3.5,91.3,1.7,711,금
2021-10-09,114053,20.9,0.4,83.5,2.3,582,토
2021-10-10,89769,19.9,14.2,89,2.2,511,일
2021-10-11,85741,15.2,0.3,78.6,2.2,482,월
2021-10-12,87869,17.9,0,67.1,3.3,580,화
2021-10-13,92564,19.6,0,66.6,2.4,746,수
2021-10-14,91403,19.7,0,73.6,2,681,목
2021-10-15,102174,19,0,74.4,2.1,584,금
2021-10-16,114628,10.7,0,47.5,3.4,506,토
2021-10-17,80953,5.6,0,37.4,2.9,355,일
2021-10-18,86434,9.6,5.6,60.4,2,298,월
2021-10-19,88229,10.9,4.4,72.8,2.4,504,화
2021-10-20,92925,9.5,0,64.9,1.7,506,수
2021-10-21,94097,9.8,0,64.1,1.7,519,목
2021-10-22,108580,10.8,0,58.4,1.8,550,금
2021-10-23,124418,11.4,0,57.3,1.6,518,토
2021-10-24,89542,11.4,0,63.1,1.7,455,일
2021-10-25,89871,11.7,0,64.5,1.9,427,월
2021-10-26,94068,13,0,74.5,1.7,729,화
2021-10-27,98493,13.4,0,63.4,2.2,788,수
2021-10-28,101550,12.7,0,54.6,1.4,769,목
2021-10-29,115805,14.6,0,55.9,2,705,금
2021-10-30,133922,13.8,0,62.4,1.6,760,토
2021-10-31,103118,14.1,0.7,73.3,1.6,646,일
2021-11-01,94164,12.9,0,77.3,1.9,599,월
2021-11-02,96828,11.5,0,76.6,1.7,1002,화
2021-11-03,100965,12.1,0,71.1,1.5,946,수
2021-11-04,101545,12.1,0,80.4,1.3,979,목
2021-11-05,119101,13,0,68.5,1.5,915,금
2021-11-06,131413,14.1,0,61.1,1.6,848,토
2021-11-07,96846,15.3,0,57.5,2.1,707,일
2021-11-08,86597,8.6,25.7,82.1,3.2,661,월
2021-11-09,92821,4.9,2,80.3,2.4,972,화
2021-11-10,102656,4.2,0.3,73.4,2.5,1003,수
2021-11-11,108754,5.3,0,60.6,2.9,948,목
2021-11-12,123801,4.5,0,55.4,2.6,1005,금
2021-11-13,134244,7.3,0,66.1,1.5,977,토
2021-11-14,96142,11.3,0,69.8,2.2,856,일
2021-11-15,97007,10.1,0,71.3,1.6,846,월
2021-11-16,99427,8.5,0,65.5,1.9,1433,화
2021-11-17,103834,7.5,0,64.1,1.6,1428,수
2021-11-18,107425,11.9,0,70.8,2.4,1399,목
2021-11-19,125093,12.9,0,84.8,1.9,1370,금
2021-11-20,137745,10.4,0,77,1.6,1318,토
2021-11-21,98153,10.4,5.9,74.4,1.9,1278,일
2021-11-22,99261,2.7,1.3,61.8,4.1,1163,월
2021-11-23,99575,-0.6,0,60.9,3.2,1733,화
2021-11-24,102422,4.1,0,64.3,1.9,1757,수
2021-11-25,106721,5.7,0,55,2.2,1738,목
2021-11-26,121567,2.9,0,57.5,2.2,1885,금
2021-11-27,135337,3.4,0,53,1.6,1672,토
2021-11-28,97311,5.1,0,52.4,1.5,1392,일
2021-11-29,96876,7.6,0,62,1.6,1185,월
2021-11-30,92327,5.7,27.2,80.4,3.7,2219,화
2021-12-01,100397,-1.3,0,51.8,4.2,2265,수
2021-12-02,98614,1.3,0.1,68.9,2.1,2099,목
2021-12-03,113864,1.9,0.4,53.3,2.9,2270,금
2021-12-04,120527,1.4,0,48.5,2,2029,토
2021-12-05,85415,2.9,0,50.4,1.4,1408,일
2021-12-06,92068,5.4,0,61.4,1.6,2115,월
2021-12-07,94011,6.8,0,68.3,1.2,2899,화
2021-12-08,98557,6.7,0,70,1.5,2788,수
2021-12-09,99888,6.5,0,70.3,2.2,2793,목
2021-12-10,109812,7,0.7,81.5,2.1,2831,금
2021-12-11,115215,6,0,83.6,1.4,2524,토
2021-12-12,82740,1.2,0,61.8,3.2,2550,일
2021-12-13,92163,-2.2,0,43.8,2.3,2059,월
2021-12-14,96347,3.7,1.2,64.9,2,3159,화
2021-12-15,101775,7.2,2.1,84.8,1.7,3049,수
2021-12-16,104686,6.4,0,71.6,1.8,2845,목
2021-12-17,118411,-5.6,0,50.5,4.6,2790,금
2021-12-18,114615,-5.7,2.8,64.1,2,2316,토
2021-12-19,88099,-0.8,0.2,63.8,2,1905,일
2021-12-20,99111,5.2,0,77.9,2.1,1993,월
2021-12-21,106143,5.2,0,70.9,2,2801,화
2021-12-22,111469,2.2,0,47.4,1.7,2716,수
2021-12-23,115333,2.7,0,53.5,1.4,2343,목
2021-12-24,129717,-0.3,0.2,65.3,2.6,2118,금
2021-12-25,128011,-11.7,0,42.4,3.9,1915,토
2021-12-26,81383,-12.1,0,43.5,3.1,1495,일
2021-12-27,98060,-7.6,0,60.9,1.7,1289,월
2021-12-28,103624,-4.1,0,73.8,2.2,1909,화
2021-12-29,109967,0.4,0.2,72.9,2.6,1719,수
2021-12-30,112466,-3.9,0,48.5,3.3,1666,목
2021-12-31,112748,-6.7,0,35.9,3.5,1462,금
	2022-01-01,77280,-4.3,0,46.3,1.5,1175,토
	2022-01-02,79273,-1.3,0.3,57.9,2.3,989,일
	2022-01-03,94360,-1.9,0,58.3,1.8,937,월
	2022-01-04,99248,-2.5,0,51.8,2.4,1410,화
	2022-01-05,101373,-2.8,0,47.6,1.7,1207,수
	2022-01-06,106384,-2.2,0,47.1,2.3,1032,목
	2022-01-07,116935,-1.6,0,47.1,1.5,989,금
	2022-01-08,121466,0.3,0,64.3,1.7,957,토
	2022-01-09,90903,1.3,0,71.5,1.7,779,일
	2022-01-10,100594,0.5,0.9,68.3,2,750,월
	2022-01-11,102803,-7.4,0.2,55.5,4,1089,화
	2022-01-12,103427,-7.7,0,47.8,2.4,973,수
	2022-01-13,107345,-6.4,0,45.8,3.3,936,목
	2022-01-14,117347,-4.8,0,41.8,1.7,906,금
	2022-01-15,129565,-1,0,48.3,1.9,917,토
	2022-01-16,97806,-2,0,54.5,3.3,784,일
	2022-01-17,101598,-5.8,0.5,59.9,2.2,757,월
	2022-01-18,103167,-5.6,0,47.9,2.3,1224,화
	2022-01-19,105032,-5.3,1.7,72.3,2.1,1361,수
	2022-01-20,108202,-5,0,63.5,1.8,1549,목
	2022-01-21,114929,-2.7,0,55.6,1.8,1583,금
	2022-01-22,129689,0.3,0,52.4,1.7,1691,토
	2022-01-23,95294,2,0,52.4,1.7,1677,일
	2022-01-24,100549,4.6,0,56,3.5,1722,월
	2022-01-25,102726,2.8,0.7,80,2.3,3171,화
	2022-01-26,106724,1.3,0,62.8,2.2,3422,수
	2022-01-27,104678,-1.1,0,50,2.1,3985,목
	2022-01-28,108997,-2.7,0,51.6,2.8,4194,금
	2022-01-29,94735,-3.6,0,48.9,2.4,4177,토
	2022-01-30,69862,-2.8,0,45.4,2.2,4184,일
	2022-01-31,49466,-0.7,1.2,59,1.9,4126,월
	2022-02-01,38018,-1.3,1.7,76.6,2.6,4204,화
	2022-02-02,66611,-3.4,0,60.5,2.4,5215,수
	2022-02-03,94233,-3.4,0,52.4,2.4,6154,목
	2022-02-04,103963,-5.2,0,53.3,3.1,8588,금
	2022-02-05,107451,-6.6,0,48.8,3.1,7817,토
	2022-02-06,78741,-3.9,0,50.3,2.5,6881,일
	2022-02-07,92048,-2.5,0,51.3,1.8,5905,월
	2022-02-08,93225,-0.1,0,53.8,1.9,11662,화
	2022-02-09,95896,1,0,52.3,1.8,11872,수
	2022-02-10,98188,1.4,0,57.8,2.3,11529,목
	2022-02-11,105775,2.9,0,61.1,1.8,13195,금
	2022-02-12,112001,4.8,0,50.4,1.7,11818,토
	2022-02-13,84778,4.8,0,44.9,1.8,11527,일
	2022-02-14,95344,2.5,1.7,68.3,2.9,12438,월
	2022-02-15,95152,-4.7,0,58,3.8,18870,화
	2022-02-16,94425,-7.3,0,50.4,3.7,19683,수
	2022-02-17,97540,-6.2,0,41.6,2.5,25634,목
	2022-02-18,105065,-1.2,0,40.4,2,23177,금
	2022-02-19,114551,-1.7,0.1,52.9,2.9,22087,토
	2022-02-20,83845,-4.8,0,41.1,4.1,20008,일
	2022-02-21,93406,-3,0.1,56.3,2.9,21787,월
	2022-02-22,94610,-4.5,0,43.3,3.2,41455,화
	2022-02-23,94981,-5.6,0,38.5,2.6,37157,수
	2022-02-24,97153,-2.4,0,52.4,2.2,35581,목
	2022-02-25,106895,3,0,77.5,2.3,36821,금
	2022-02-26,103870,5.4,1.1,78.4,3.9,35337,토
	2022-02-27,86573,3.7,0,56.6,2.8,27967,일
	2022-02-28,99829,6.8,0,62.3,1.5,27877,월
	2022-03-01,84460,5.8,2.3,70.5,2.3,46924,화
	2022-03-02,91392,3.5,0,55.9,2.7,43667,수
	2022-03-03,92591,5.8,0,52.9,2.1,59256,목
	2022-03-04,101600,6.9,0,60.5,3.6,53179,금
	2022-03-05,110704,2.3,0,38.4,4.3,49438,토
	2022-03-06,78822,1.4,0,39.5,2.6,39546,일
	2022-03-07,89505,2.8,0,45.8,2,37472,월
	2022-03-08,100705,6,0,56.1,2,74215,화
	2022-03-09,88841,7.1,0,69.6,1.9,66842,수
	2022-03-10,89686,9.3,0,51.4,2.1,56590,목
	2022-03-11,105591,11.2,0,58.4,1.9,80424,금
	2022-03-12,115483,12.8,2.6,72.1,2.7,67798,토
	2022-03-13,72151,11.7,42.1,95.5,1.9,56785,일
	2022-03-14,83200,8.2,8.7,90.3,3.2,66047,월
	2022-03-15,90340,7.2,0,72.6,2,81367,화
	2022-03-16,90614,10.3,0,62.6,2.1,128314,수
	2022-03-17,91530,10.7,1.2,62,2.7,81971,목
	2022-03-18,106873,7.5,0,60.8,4.4,82081,금
	2022-03-19,107206,3.4,14.6,84.6,3,65832,토
	2022-03-20,88300,5.4,0,66.1,2.6,41054,일
	2022-03-21,87472,5,0,49.5,2.4,64997,월
	2022-03-22,91714,7.1,0,48.9,2.2,101086,화
	2022-03-23,92448,6.2,0,56.8,2.3,77731,수
	2022-03-24,93410,8.2,0,70.6,1.8,66919,목
	2022-03-25,111719,12,10.9,70,2.6,63997,금
	2022-03-26,117896,11.8,19.8,80.9,2.9,59130,토
	2022-03-27,93164,8.1,0,49.1,3,34183,일
	2022-03-28,89623,8.2,0,35.6,2.1,66050,월
	2022-03-29,92682,9.7,0,52.9,2.1,81799,화
	2022-03-30,92233,10.8,0.4,76.5,1.8,60109,수
	2022-03-31,98236,10.9,0,63.5,2.5,51703,목
	2022-04-01,117052,9.2,0,50.5,2.6,48666,금
	2022-04-02,130697,8.2,0,55,2.3,42088,토
	2022-04-03,92417,9.6,0,55,2.1,20886,일
	2022-04-04,92794,10.3,0,50.3,2.3,51479,월
	2022-04-05,95042,10.3,0,41.1,2.4,52411,화
	2022-04-06,99270,11.7,0,52.3,2.5,39867,수
	2022-04-07,101614,10.9,0,43.5,3.3,36200,목
	2022-04-08,118876,12.9,0,49,2.1,32309,금
	2022-04-09,129213,17.8,0.5,43.8,3,28879,토
	2022-04-10,94531,18.2,0,46,2,14244,일
	2022-04-11,95602,19.6,0,60.4,2.4,39501,월
	2022-04-12,98118,19.3,0.5,77.9,2.8,33063,화
	2022-04-13,97911,13.1,1.3,69.3,4.4,24967,수
	2022-04-14,102986,13.2,0,53.4,4,21436,목
	2022-04-15,118906,13.3,0,46.8,3,18109,금
	2022-04-16,130133,13.2,0,48.5,2.5,14799,토
	2022-04-17,90666,14,0,53.8,2.3,7337,일
	2022-04-18,96873,15.2,0,46.1,2.4,21806,월
	2022-04-19,99215,15.2,0,51.9,2.4,18311,화
	2022-04-20,101415,15.7,0,48.8,2.3,15178,수
	2022-04-21,105303,16.3,0,48.4,2.8,13184,목
	2022-04-22,118822,15,0,76.8,3.5,12329,금
	2022-04-23,132770,17.7,0,57.3,1.7,10364,토
	2022-04-24,90693,18.5,0.3,72.5,2.3,4759,일
	2022-04-25,97949,20,1.3,80.5,1.4,13552,월
	2022-04-26,107232,21.9,1,57.9,3.1,11508,화
	2022-04-27,112872,17.7,0,31.5,2.7,9104,수
	2022-04-28,118827,18.2,0,44,2.6,7724,목
	2022-04-29,139173,13.4,15.5,70.6,3.4,6450,금
	2022-04-30,163887,13,0,68,2.9,5460,토
	2022-05-01,113799,13.4,0,54.8,3.1,2646,일
	2022-05-02,110137,14.2,0,56.5,2.4,8708,월
	2022-05-03,117913,14.8,0,45.9,2.5,7434,화
	2022-05-04,137312,17.8,0,43.3,2.7,6641,수
	2022-05-05,152416,18.9,0,48.1,2.2,3590,목
	2022-05-06,158850,19.6,0,67.1,2.5,6639,금
	2022-05-07,143924,18.4,0.5,52.4,3,5973,토
	2022-05-08,91754,15.3,2,51.8,2.8,2713,일
	2022-05-09,111222,17.9,0,56.4,2.2,8138,월
	2022-05-10,115878,19.9,0,39,2.2,6200,화
	2022-05-11,119168,19.7,0,50.4,2.4,5693,수
	2022-05-12,120199,20.9,0,51.5,1.9,5172,목
	2022-05-13,139762,19.4,0,45.8,2.2,4763,금
	2022-05-14,169154,15.7,0,45.5,3.3,4022,토
	2022-05-15,121630,16.2,0,39.8,3.2,1682,일
	2022-05-16,113742,17.3,0,56.3,2.8,5883,월
	2022-05-17,114700,20,0,60.1,2.4,5041,화
	2022-05-18,115534,20,1.5,59.4,2.9,4556,수
	2022-05-19,119439,19.9,0,53.6,3,4109,목
	2022-05-20,139094,20.6,0,52.8,2.3,3585,금
	2022-05-21,159850,20.1,0,70.8,2.5,2901,토
	2022-05-22,111530,20.3,0,70.9,2.5,1213,일
	2022-05-23,110328,23,0,63.5,2.3,4269,월
	2022-05-24,113334,22.9,0,56.8,2.1,3579,화
	2022-05-25,116671,21,3.5,66.6,2.6,2786,수
	2022-05-26,119893,18.7,0,59.9,3.7,3029,목
	2022-05-27,134295,20,0,62.5,3.3,2274,금
	2022-05-28,152205,22.3,0,54.1,2.8,2013,토
	2022-05-29,107333,23.1,0,66.4,2.3,1119,일
	2022-05-30,107437,20.8,0,71,2.5,3332,월
	2022-05-31,122957,20.7,0,42.4,2.5,2922,화
	2022-06-01,116223,22.1,0,41.6,2.6,1821,수
	2022-06-02,118207,21.5,0,67.4,2.7,2439,목
	2022-06-03,128676,24.5,0,62.8,2,2240,금
	2022-06-04,141986,25.6,0,57,1.7,1717,토
	2022-06-05,114985,22.7,0,59.8,2.3,736,일
	2022-06-06,98690,19.7,4.3,69,3.2,952,월
	2022-06-07,109225,20.6,0,54.5,2.7,2614,화
	2022-06-08,112850,21.2,0,61.6,2.3,2007,수
	2022-06-09,113673,20.9,2.6,76.1,1.6,1534,목
	2022-06-10,130931,20.9,1.2,75.8,1.9,1382,금
	2022-06-11,143735,24.6,0,59.6,2.2,1154,토
	2022-06-12,100838,24.6,0,58.9,2.5,660,일
	2022-06-13,106865,23.6,18,68.5,2.6,1759,월
	2022-06-14,112830,21.5,0,56.4,4.2,1687,화
	2022-06-15,111681,17.5,18.5,92.4,2.3,1539,수
	2022-06-16,119378,20.3,0.7,78.4,2.3,1274,목
	2022-06-17,135367,22.5,0,76.4,1.9,1233,금
	2022-06-18,147980,23.3,0,79.6,1.7,1106,토
	2022-06-19,104770,23.4,0,81.6,1.4,706,일
	2022-06-20,114036,25.2,0,76.6,1.3,2032,월
	2022-06-21,122458,26.5,0,72.6,2,1771,화
	2022-06-22,126705,25.9,0,71.1,2.1,1576,수
	2022-06-23,113466,24.3,103,89.1,2.8,1581,목
	2022-06-24,140513,22.6,19.1,90.9,3.5,1544,금
	2022-06-25,153148,26,0,80.4,2.8,1306,토
	2022-06-26,102735,26.5,0,82.1,2.6,595,일
	2022-06-27,110966,26.8,6.1,84.4,2.8,2467,월
	2022-06-28,113597,26.9,6.3,81.9,5.8,2461,화
	2022-06-29,115839,25.1,37.8,95.5,4.1,2276,수
	2022-06-30,112222,22.3,176.2,99.3,2.3,2338,목
	2022-07-01,142584,26.6,0,83.3,2.1,2771,금
	2022-07-02,154138,28.8,0,72.8,1.7,2429,토
	2022-07-03,107175,29.3,0,68.6,1.7,1156,일
	2022-07-04,117282,29.3,0,71.8,1.8,4765,월
	2022-07-05,125962,29.2,0,73.8,1.7,4757,화
	2022-07-06,124115,29.5,16.1,76,2.1,4573,수
	2022-07-07,119492,28.2,0,82.3,2.8,4596,목
	2022-07-08,137272,25.8,1.7,84.4,2.9,4892,금
	2022-07-09,157083,26.9,0.1,82.1,1.7,5228,토
	2022-07-10,115778,29.2,0,68,1.7,2615,일
	2022-07-11,114223,27,9,75,1.8,9402,월
	2022-07-12,121892,26.8,0,73.1,2.2,9353,화
	2022-07-13,111093,25,114.5,93.9,1.8,9643,수
	2022-07-14,128452,25.7,0.9,84.6,2.3,8941,목
	2022-07-15,142642,26,0,76.5,2.3,9447,금
	2022-07-16,153334,24.8,34,83.4,2,8560,토
	2022-07-17,115276,25.5,0,78.9,1.8,4888,일
	2022-07-18,116238,26.8,0,76,2.2,18024,월
	2022-07-19,121416,27.4,0,74.1,2.3,17186,화
	2022-07-20,125792,27.1,1.1,76.1,2.2,16650,수
	2022-07-21,123323,23.2,10.4,87.6,2.9,15364,목
	2022-07-22,138265,25.1,5.2,81.5,1.9,14817,금
	2022-07-23,144604,24.8,9.9,83.6,2,13794,토
	2022-07-24,106621,25,1.2,86.9,2.1,5961,일
	2022-07-25,119821,27.5,0,75,1.9,23047,월
	2022-07-26,119429,28.9,0,72.5,1.8,20056,화
	2022-07-27,123409,29.3,0,66.3,2,18144,수
	2022-07-28,127361,29.7,0,63.8,2.4,17494,목
	2022-07-29,140353,30.7,0,68.1,2.2,16534,금
	2022-07-30,140433,30.9,1,68.4,2.6,14130,토
	2022-07-31,99452,27.2,47.2,85.8,2.5,7310,일
	2022-08-01,120375,28.6,30,82.4,2.4,24598,월
	2022-08-02,116472,26.8,33.5,90,2.8,22993,화
	2022-08-03,119320,27.1,51.1,90.1,2.8,20210,수
	2022-08-04,125673,28.9,0,79.3,2.5,20774,목
	2022-08-05,134841,29.4,0,76.6,2.6,20145,금
	2022-08-06,136804,28.7,13.6,85.3,1.7,18346,토
	2022-08-07,103549,28.9,0.9,82.1,2.4,7853,일
	2022-08-08,104610,26.8,129.6,91.6,3.3,29465,월
	2022-08-09,89831,25.1,123.1,96,2.6,26045,화
	2022-08-10,117496,24.7,7.6,85.3,1.6,24491,수
	2022-08-11,118562,25,38.8,87.9,1.6,22812,목
	2022-08-12,142588,27,0,73.8,1.7,21838,금
	2022-08-13,128479,25.8,4,82.8,1.3,19576,토
	2022-08-14,114359,27.6,3,83,1.9,8233,일
	2022-08-15,96684,28.1,0.9,83,4.8,13048,월
	2022-08-16,119580,26.7,0,75.4,2.6,32505,화
	2022-08-17,122576,26,0,76.6,2,28356,수
	2022-08-18,124707,25.6,0,75.8,1.9,21012,목
	2022-08-19,127231,26,66.1,86.1,2.3,19955,금
	2022-08-20,147113,28.2,0,80,2.4,16734,토
	2022-08-21,108388,28.1,0,75.3,1.7,7389,일
	2022-08-22,115265,26.8,3.2,75.6,2.3,25661,월
	2022-08-23,117054,25.4,2.2,75,2,20561,화
	2022-08-24,119792,24.8,0,66.9,2.5,17713,수
	2022-08-25,122248,22.2,1.6,78,1.8,15748,목
	2022-08-26,137540,23.8,0,75.3,2.4,14577,금
	2022-08-27,154686,21.5,17.6,63.1,2.8,13039,토
	2022-08-28,115084,22.6,0,59.4,1.7,5752,일
	2022-08-29,113782,21,2.2,74,2.3,20406,월
	2022-08-30,108908,19.1,35.8,96.3,2.6,15900,화
	2022-08-31,121689,21.7,0,83.3,1.8,13313,수
	2022-09-01,128947,24,0,70.8,1.7,15558,목
	2022-09-02,143135,24.7,0,61.8,3.1,13880,금
	2022-09-03,161079,24.2,0,63,3.4,11926,토
	2022-09-04,96056,22.3,33.8,88.6,3.1,5316,일
	2022-09-05,96021,19.2,120,95.9,3.2,18762,월
	2022-09-06,110892,21,25.3,78,3.6,14526,화
	2022-09-07,127638,22.8,0,65.3,1.9,13063,수
	2022-09-08,136994,23.2,0,65.5,1.6,12303,목
	2022-09-09,94336,24.3,0,59.1,2,6071,금
	2022-09-10,72145,23.6,0,52.3,2.6,4800,토
	2022-09-11,100869,23.3,0.1,68.6,2.1,6285,일
	2022-09-12,106822,23.8,0,76.1,1.6,9545,월
	2022-09-13,116561,24.3,0,73,2.5,17377,화
	2022-09-14,119676,24.6,0,56.9,4.6,11812,수
	2022-09-15,125646,25.2,0.1,66.9,3.6,9216,목
	2022-09-16,145053,25.7,14.6,78.6,2.9,7653,금
	2022-09-17,161548,25.6,4.3,83.1,1.4,5963,토
	2022-09-18,117156,27.1,0,75.3,2,3197,일
	2022-09-19,117954,24.6,0,63.1,3.3,9728,월
	2022-09-20,122499,19.9,0,57,2.3,7351,화
	2022-09-21,124855,19.4,0,56.9,1.8,6149,수
	2022-09-22,127239,19.8,0,60.1,2,5617,목
	2022-09-23,146285,17.5,3.3,68.9,3.1,5643,금
	2022-09-24,162012,18.5,0,64.6,1.8,4881,토
	2022-09-25,115922,19.6,0,63.3,1.6,2332,일
	2022-09-26,115220,20,0,58.5,1.7,8542,월
	2022-09-27,120069,20.9,0,59,1.6,7110,화
	2022-09-28,122858,20.4,0,71,1.8,6259,수
	2022-09-29,124044,20.4,0,73.5,1.4,5790,목
	2022-09-30,142055,20.7,0,68,1.6,5578,금
	2022-10-01,155672,20.9,0,63.3,1.6,4786,토
	2022-10-02,124117,19.4,15.8,78.9,2.7,2023,일
	2022-10-03,91785,21.4,76,98.5,2.7,3083,월
	2022-10-04,117775,17.9,11.8,83.8,2.9,7664,화
	2022-10-05,123951,16.6,0.1,74.8,2.1,5518,수
	2022-10-06,126773,15.8,0,76.6,2.1,4316,목
	2022-10-07,151972,14.3,0,69.5,2.5,3958,금
	2022-10-08,174448,15.8,0,64.6,2.5,3550,토
	2022-10-09,126227,13.1,20.4,85.8,2.1,1491,일
	2022-10-10,111171,9.9,0,72.9,3.8,3049,월
	2022-10-11,124595,11.1,0,69.1,2.2,6792,화
	2022-10-12,125774,13.5,0,68.1,1.8,5243,수
	2022-10-13,130778,16.3,0,69.6,1.5,4830,목
	2022-10-14,145715,17.1,0,73.4,1.6,4572,금
	2022-10-15,155643,18.2,0,68.5,1.4,4186,토
	2022-10-16,113938,16.9,0,73.9,1.7,1915,일
	2022-10-17,122108,11.2,0,50.3,3.4,7524,월
	2022-10-18,125408,9.4,0,52.1,2.3,5891,화
	2022-10-19,127144,10.5,0,57.8,1.8,5408,수
	2022-10-20,131319,12.9,0,64.4,1.8,5053,목
	2022-10-21,150690,14,0,68.8,1.7,6011,금
	2022-10-22,166423,15.1,0,76.3,1.9,5170,토
	2022-10-23,119665,14,0,65,2.7,2434,일
	2022-10-24,119120,10.6,0,52.6,2.8,10055,월
	2022-10-25,125291,11.3,0,56.5,2,7901,화
	2022-10-26,129275,12.9,0,58.3,1.9,6846,수
	2022-10-27,134281,13.2,0,71.8,1.7,7477,목
	2022-10-28,159551,13.6,0,70.1,1.7,7572,금
	2022-10-29,186847,14.8,0,65.9,1.8,6703,토
	2022-10-30,120329,14.9,0,64.5,1.9,3099,일
	2022-10-31,119374,14.9,0,69.8,2.1,13014,월
	2022-11-01,121645,13.1,0,73.5,1.8,10933,화
	2022-11-02,123452,11.1,0,57.1,1.7,9542,수
	2022-11-03,128703,9.3,0,58.1,2,8672,목
	2022-11-04,145234,4.9,0,41.8,2.9,8096,금
	2022-11-05,160736,6.5,0,51.3,1.7,7157,토
	2022-11-06,114098,9.6,0,60.5,1.8,3317,일
	2022-11-07,114225,11.4,0,64.5,1.7,14156,월
	2022-11-08,119871,12.9,0,68.3,1.5,12479,화
	2022-11-09,123015,11.4,0,76,1.5,11069,수
	2022-11-10,127685,13.5,0,74.5,1.3,10897,목
	2022-11-11,150445,15.6,0,62.5,1.8,10827,금
	2022-11-12,153952,16.3,57.9,80,2.2,9257,토
	2022-11-13,116054,10.3,0,85.6,2.6,3645,일
	2022-11-14,117613,9.7,0,74.8,2.3,15536,월
	2022-11-15,119503,8.1,1.6,77.4,2,12474,화
	2022-11-16,126545,8.5,0,71.3,1.7,10840,수
	2022-11-17,133483,10.2,0,64.6,1.6,9733,목
	2022-11-18,152209,11,0,69.6,1.6,10119,금
	2022-11-19,168389,12.9,0,55.8,2.3,8800,토
	2022-11-20,123031,13.7,0,58.3,1.7,3821,일
	2022-11-21,120687,11.8,0,70.5,1.6,15610,월
	2022-11-22,124093,10.7,0,69.9,1.9,13493,화
	2022-11-23,127644,10.8,0,56,2.1,11447,수
	2022-11-24,129604,9.4,0,65.6,1.5,10677,목
	2022-11-25,148914,12.3,1.7,67.1,3,10157,금
	2022-11-26,166937,6.7,0,52.4,3,9152,토
	2022-11-27,118817,5.4,0,43.1,2.4,3791,일
	2022-11-28,111353,12.3,19.5,65.5,2.7,15500,월
	2022-11-29,120486,6.9,3.8,67,3.5,12284,화
	2022-11-30,118187,-5.4,0,49.1,3.9,11027,수
	2022-12-01,121749,-5.4,0,43.4,2.4,10482,목
	2022-12-02,139778,-2.5,0,42,1.7,10361,금
	2022-12-03,156641,2.1,1.1,70.5,2.6,8523,토
	2022-12-04,112055,-3.5,0,38.9,2.8,3920,일
	2022-12-05,117021,-3.1,0,41.9,2.4,16368,월
	2022-12-06,117298,0.9,0.1,62.8,2.4,13742,화
	2022-12-07,123825,4.9,0.1,60.4,2.7,11973,수
	2022-12-08,127818,3.7,0,57.5,1.4,11842,목
	2022-12-09,148521,4.5,0,60.8,2,11682,금
	2022-12-10,166218,2.6,0,46.5,1.3,9595,토
	2022-12-11,118843,1.6,0,52.5,1.8,3907,일
	2022-12-12,117219,2,5.4,73.4,1.7,17688,월
